drug_name,smiles
Abiraterone,CC12CCC(CC1=CCC3C2CCC4(C3CC=C4C5=CN=CC=C5)C)O
Acarbose,CC1C(C(C(C(O1)OC2C(OC(C(C2O)O)OC(C(CO)O)C(C(C=O)O)O)CO)O)O)NC3C=C(C(C(C3O)O)O)CO
Acebutolol,CCCC(=O)NC1=CC(=C(C=C1)OCC(CNC(C)C)O)C(=O)C
Aceclofenac,C1=CC=C(C(=C1)CC(=O)OCC(=O)O)NC2=C(C=CC=C2Cl)Cl
Acemetacin,CC1=C(C2=C(N1C(=O)C3=CC=C(C=C3)Cl)C=CC(=C2)OC)CC(=O)OCC(=O)O
Acenocoumarol,CC(=O)CC(C1=CC=C(C=C1)[N+](=O)[O-])C2=C(C3=CC=CC=C3OC2=O)O
Acetyldigitoxin,CC1C(C(CC(O1)OC2C(OC(CC2O)OC3C(OC(CC3O)OC4CCC5(C(C4)CCC6C5CCC7(C6(CCC7C8=CC(=O)OC8)O)C)C)C)C)OC(=O)C)O
Acetylsalicylic acid,CC(=O)OC1=CC=CC=C1C(=O)O
Adapalene,COC1=C(C=C(C=C1)C2=CC3=C(C=C2)C=C(C=C3)C(=O)O)C45CC6CC(C4)CC(C6)C5
Afatinib,CN(C)CC=CC(=O)NC1=C(C=C2C(=C1)C(=NC=N2)NC3=CC(=C(C=C3)F)Cl)OC4CCOC4
Albendazole,CCCSC1=CC2=C(C=C1)N=C(N2)NC(=O)OC
Alclofenac,C=CCOC1=C(C=C(C=C1)CC(=O)O)Cl
Alclometasone,CC1CC2C3C(CC4=CC(=O)C=CC4(C3C(CC2(C1(C(=O)CO)O)C)O)C)Cl
Alectinib,CCC1=CC2=C(C=C1N3CCC(CC3)N4CCOCC4)C(C5=C(C2=O)C6=C(N5)C=C(C=C6)C#N)(C)C
Alitretinoin,CC1=C(C(CCC1)(C)C)C=CC(=CC=CC(=CC(=O)O)C)C
Alogliptin,CN1C(=O)C=C(N(C1=O)CC2=CC=CC=C2C#N)N3CCCC(C3)N
Alprenolol,CC(C)NCC(COC1=CC=CC=C1CC=C)O
Altretamine,CN(C)C1=NC(=NC(=N1)N(C)C)N(C)C
Amcinonide,CC(=O)OCC(=O)C12C(CC3C1(CC(C4(C3CCC5=CC(=O)C=CC54C)F)O)C)OC6(O2)CCCC6
Amikacin,C1C(C(C(C(C1NC(=O)C(CCN)O)OC2C(C(C(C(O2)CO)O)N)O)O)OC3C(C(C(C(O3)CN)O)O)O)N
Amiloride,C1(=C(N=C(C(=N1)Cl)N)N)C(=O)N=C(N)N
Aminoglutethimide,CCC1(CCC(=O)NC1=O)C2=CC=C(C=C2)N
Aminolevulinic acid,C(CC(=O)O)C(=O)CN
Aminophylline,CN1C2=C(C(=O)N(C1=O)C)NC=N2.CN1C2=C(C(=O)N(C1=O)C)NC=N2.C(CN)N
Amiodarone,CCCCC1=C(C2=CC=CC=C2O1)C(=O)C3=CC(=C(C(=C3)I)OCCN(CC)CC)I
Amphotericin B,CC1C=CC=CC=CC=CC=CC=CC=CC(CC2C(C(CC(O2)(CC(CC(C(CCC(CC(CC(=O)OC(C(C1O)C)C)O)O)O)O)O)O)O)C(=O)O)OC3C(C(C(C(O3)C)O)N)O
Amrubicin,CC(=O)C1(CC(C2=C(C1)C(=C3C(=C2O)C(=O)C4=CC=CC=C4C3=O)O)OC5CC(C(CO5)O)O)N
Amsacrine,COC1=C(C=CC(=C1)NS(=O)(=O)C)NC2=C3C=CC=CC3=NC4=CC=CC=C42
Anagrelide,C1C2=C(C=CC(=C2Cl)Cl)N=C3N1CC(=O)N3
Anastrozole,CC(C)(C#N)C1=CC(=CC(=C1)CN2C=NC=N2)C(C)(C)C#N
Antipyrine,CC1=CC(=O)N(N1C)C2=CC=CC=C2
Apremilast,CCOC1=C(C=CC(=C1)C(CS(=O)(=O)C)N2C(=O)C3=C(C2=O)C(=CC=C3)NC(=O)C)OC
Arbekacin,C1CC(C(OC1CN)OC2C(CC(C(C2O)OC3C(C(C(C(O3)CO)O)N)O)NC(=O)C(CCN)O)N)N
Arotinolol,CC(C)(C)NCC(CSC1=NC(=CS1)C2=CC=C(S2)C(=O)N)O
Arsenic trioxide,[O-2].[O-2].[O-2].[As+3].[As+3]
Artemether,CC1CCC2C(C(OC3C24C1CCC(O3)(OO4)C)OC)C
Asenapine,CN1CC2C(C1)C3=C(C=CC(=C3)Cl)OC4=CC=CC=C24
Atenolol,CC(C)NCC(COC1=CC=C(C=C1)CC(=O)N)O
Axitinib,CNC(=O)C1=CC=CC=C1SC2=CC3=C(C=C2)C(=NN3)C=CC4=CC=CC=N4
Azacitidine,C1=NC(=NC(=O)N1C2C(C(C(O2)CO)O)O)N
Azathioprine,CN1C=NC(=C1SC2=NC=NC3=C2NC=N3)[N+](=O)[O-]
Azelaic acid,C(CCCC(=O)O)CCCC(=O)O
Azelastine,CN1CCCC(CC1)N2C(=O)C3=CC=CC=C3C(=N2)CC4=CC=C(C=C4)Cl
Azithromycin,CCC1C(C(C(N(CC(CC(C(C(C(C(C(=O)O1)C)OC2CC(C(C(O2)C)O)(C)OC)C)OC3C(C(CC(O3)C)N(C)C)O)(C)O)C)C)C)O)(C)O
Balsalazide,C1=CC(=CC=C1C(=O)NCCC(=O)O)N=NC2=CC(=C(C=C2)O)C(=O)O
Barnidipine,CC1=C(C(C(=C(N1)C)C(=O)OC2CCN(C2)CC3=CC=CC=C3)C4=CC(=CC=C4)[N+](=O)[O-])C(=O)OC
Beclomethasone dipropionate,CCC(=O)OCC(=O)C1(C(CC2C1(CC(C3(C2CCC4=CC(=O)C=CC43C)Cl)O)C)C)OC(=O)CC
Bedaquiline,CN(C)CCC(C1=CC=CC2=CC=CC=C21)(C(C3=CC=CC=C3)C4=C(N=C5C=CC(=CC5=C4)Br)OC)O
Belinostat,C1=CC=C(C=C1)NS(=O)(=O)C2=CC=CC(=C2)C=CC(=O)NO
Bendamustine,CN1C2=C(C=C(C=C2)N(CCCl)CCCl)N=C1CCCC(=O)O
Bendroflumethiazide,C1=CC=C(C=C1)CC2NC3=C(C=C(C(=C3)C(F)(F)F)S(=O)(=O)N)S(=O)(=O)N2
Benzophenone,C1=CC=C(C=C1)C(=O)C2=CC=CC=C2
Benzydamine,CN(C)CCCOC1=NN(C2=CC=CC=C21)CC3=CC=CC=C3
Besifloxacin,C1CCN(CC(C1)N)C2=C(C=C3C(=C2Cl)N(C=C(C3=O)C(=O)O)C4CC4)F
Betamethasone,CC1CC2C3CCC4=CC(=O)C=CC4(C3(C(CC2(C1(C(=O)CO)O)C)O)F)C
Betaxolol,CC(C)NCC(COC1=CC=C(C=C1)CCOCC2CC2)O
Bevantolol,CC1=CC(=CC=C1)OCC(CNCCC2=CC(=C(C=C2)OC)OC)O
Bexarotene,CC1=CC2=C(C=C1C(=C)C3=CC=C(C=C3)C(=O)O)C(CCC2(C)C)(C)C
Bicalutamide,CC(CS(=O)(=O)C1=CC=C(C=C1)F)(C(=O)NC2=CC(=C(C=C2)C#N)C(F)(F)F)O
Bisoprolol,CC(C)NCC(COC1=CC=C(C=C1)COCCOC(C)C)O
Bleomycin,CC1=C(N=C(N=C1N)C(CC(=O)N)NCC(C(=O)N)N)C(=O)NC(C(C2=CN=CN2)OC3C(C(C(C(O3)CO)O)O)OC4C(C(C(C(O4)CO)O)OC(=O)N)O)C(=O)NC(C)C(C(C)C(=O)NC(C(C)O)C(=O)NCCC5=NC(=CS5)C6=NC(=CS6)C(=O)NCCC[S+](C)C)O
Bopindolol,CC1=CC2=C(N1)C=CC=C2OCC(CNC(C)(C)C)OC(=O)C3=CC=CC=C3
Bortezomib,B(C(CC(C)C)NC(=O)C(CC1=CC=CC=C1)NC(=O)C2=NC=CN=C2)(O)O
Bosentan,CC(C)(C)C1=CC=C(C=C1)S(=O)(=O)NC2=C(C(=NC(=N2)C3=NC=CC=N3)OCCO)OC4=CC=CC=C4OC
Bosutinib,CN1CCN(CC1)CCCOC2=C(C=C3C(=C2)N=CC(=C3NC4=CC(=C(C=C4Cl)Cl)OC)C#N)OC
Bretylium,CC[N+](C)(C)CC1=CC=CC=C1Br
Brimonidine,C1CN=C(N1)NC2=C(C3=NC=CN=C3C=C2)Br
Bromfenac,C1=CC(=C(C(=C1)C(=O)C2=CC=C(C=C2)Br)N)CC(=O)O
Bromocriptine,CC(C)CC1C(=O)N2CCCC2C3(N1C(=O)C(O3)(C(C)C)NC(=O)C4CN(C5CC6=C(NC7=CC=CC(=C67)C5=C4)Br)C)O
Budesonide,CCCC1OC2CC3C4CCC5=CC(=O)C=CC5(C4C(CC3(C2(O1)C(=O)CO)C)O)C
Bumetanide,CCCCNC1=C(C(=CC(=C1)C(=O)O)S(=O)(=O)N)OC2=CC=CC=C2
Bupranolol,CC1=CC(=C(C=C1)Cl)OCC(CNC(C)(C)C)O
Busulfan,CS(=O)(=O)OCCCCOS(=O)(=O)C
Cabazitaxel,CC1=C2C(C(=O)C3(C(CC4C(C3C(C(C2(C)C)(CC1OC(=O)C(C(C5=CC=CC=C5)NC(=O)OC(C)(C)C)O)O)OC(=O)C6=CC=CC=C6)(CO4)OC(=O)C)OC)C)OC
Cabergoline,CCNC(=O)N(CCCN(C)C)C(=O)C1CC2C(CC3=CNC4=CC=CC2=C34)N(C1)CC=C
Cabozantinib,COC1=CC2=C(C=CN=C2C=C1OC)OC3=CC=C(C=C3)NC(=O)C4(CC4)C(=O)NC5=CC=C(C=C5)F
Caffeine,CN1C=NC2=C1C(=O)N(C(=O)N2C)C
Calcipotriol,CC(C=CC(C1CC1)O)C2CCC3C2(CCCC3=CC=C4CC(CC(C4=C)O)O)C
Canagliflozin,CC1=C(C=C(C=C1)C2C(C(C(C(O2)CO)O)O)O)CC3=CC=C(S3)C4=CC=C(C=C4)F
Capecitabine,CCCCCOC(=O)NC1=NC(=O)N(C=C1F)C2C(C(C(O2)C)O)O
Carbamazepine,C1=CC=C2C(=C1)C=CC3=CC=CC=C3N2C(=O)N
Carboplatin,C1CC(C1)(C(=O)[O-])C(=O)[O-].N.N.[Pt+2]
Carfilzomib,CC(C)CC(C(=O)C1(CO1)C)NC(=O)C(CC2=CC=CC=C2)NC(=O)C(CC(C)C)NC(=O)C(CCC3=CC=CC=C3)NC(=O)CN4CCOCC4
Carmustine,C(CCl)NC(=O)N(CCCl)N=O
Carprofen,CC(C1=CC2=C(C=C1)C3=C(N2)C=CC(=C3)Cl)C(=O)O
Carteolol,CC(C)(C)NCC(COC1=CC=CC2=C1CCC(=O)N2)O
Carvedilol,COC1=CC=CC=C1OCCNCC(COC2=CC=CC3=C2C4=CC=CC=C4N3)O
Celecoxib,CC1=CC=C(C=C1)C2=CC(=NN2C3=CC=C(C=C3)S(=O)(=O)N)C(F)(F)F
Celiprolol,CCN(CC)C(=O)NC1=CC(=C(C=C1)OCC(CNC(C)(C)C)O)C(=O)C
Ceritinib,CC1=CC(=C(C=C1C2CCNCC2)OC(C)C)NC3=NC=C(C(=N3)NC4=CC=CC=C4S(=O)(=O)C(C)C)Cl
Chlorambucil,C1=CC(=CC=C1CCCC(=O)O)N(CCCl)CCCl
Chloroquine,CCN(CC)CCCC(C)NC1=C2C=CC(=CC2=NC=C1)Cl
Chlorothiazide,C1=C2C(=CC(=C1Cl)S(=O)(=O)N)S(=O)(=O)N=CN2
Chlorpromazine,CN(C)CCCN1C2=CC=CC=C2SC3=C1C=C(C=C3)Cl
Chlorpropamide,CCCNC(=O)NS(=O)(=O)C1=CC=C(C=C1)Cl
Chlorthalidone,C1=CC=C2C(=C1)C(=O)NC2(C3=CC(=C(C=C3)Cl)S(=O)(=O)N)O
Choline magnesium trisalicylate,C[N+](C)(C)CCO.C1=CC=C(C(=C1)C(=O)O)[O-].C1=CC=C(C(=C1)C(=O)O)[O-].C1=CC=C(C(=C1)C(=O)O)[O-].[Mg+2]
Ciclesonide,CC(C)C(=O)OCC(=O)C12C(CC3C1(CC(C4C3CCC5=CC(=O)C=CC45C)O)C)OC(O2)C6CCCCC6
Cinoxacin,CCN1C2=CC3=C(C=C2C(=O)C(=N1)C(=O)O)OCO3
Ciprofloxacin,C1CC1N2C=C(C(=O)C3=CC(=C(C=C32)N4CCNCC4)F)C(=O)O
Cisapride,COC1CN(CCC1NC(=O)C2=CC(=C(C=C2OC)N)Cl)CCCOC3=CC=C(C=C3)F
Cisplatin,N.N.Cl[Pt]Cl
Citalopram,CN(C)CCCC1(C2=C(CO1)C=C(C=C2)C#N)C3=CC=C(C=C3)F
Cladribine,C1C(C(OC1N2C=NC3=C(N=C(N=C32)Cl)N)CO)O
Clarithromycin,CCC1C(C(C(C(=O)C(CC(C(C(C(C(C(=O)O1)C)OC2CC(C(C(O2)C)O)(C)OC)C)OC3C(C(CC(O3)C)N(C)C)O)(C)OC)C)C)O)(C)O
Clobetasol propionate,CCC(=O)OC1(C(CC2C1(CC(C3(C2CCC4=CC(=O)C=CC43C)F)O)C)C)C(=O)CCl
Clobetasone,CC1CC2C3CCC4=CC(=O)C=CC4(C3(C(=O)CC2(C1(C(=O)CCl)O)C)F)C
Clocortolone,CC1CC2C3CC(C4=CC(=O)C=CC4(C3(C(CC2(C1C(=O)CO)C)O)Cl)C)F
Clofarabine,C1=NC2=C(N=C(N=C2N1C3C(C(C(O3)CO)O)F)Cl)N
Clonidine,C1CN=C(N1)NC2=C(C=CC=C2Cl)Cl
Clonixin,CC1=C(C=CC=C1Cl)NC2=C(C=CC=N2)C(=O)O
Clozapine,CN1CCN(CC1)C2=NC3=C(C=CC(=C3)Cl)NC4=CC=CC=C42
Cobimetinib,C1CCNC(C1)C2(CN(C2)C(=O)C3=C(C(=C(C=C3)F)F)NC4=C(C=C(C=C4)I)F)O
Colchicine,CC(=O)NC1CCC2=CC(=C(C(=C2C3=CC=C(C(=O)C=C13)OC)OC)OC)OC
Conivaptan,CC1=NC2=C(N1)CCN(C3=CC=CC=C32)C(=O)C4=CC=C(C=C4)NC(=O)C5=CC=CC=C5C6=CC=CC=C6
Cortisone acetate,CC(=O)OCC(=O)C1(CCC2C1(CC(=O)C3C2CCC4=CC(=O)CCC34C)C)O
Crizotinib,CC(C1=C(C=CC(=C1Cl)F)Cl)OC2=C(N=CC(=C2)C3=CN(N=C3)C4CCNCC4)N
Cyamemazine,CC(CN1C2=CC=CC=C2SC3=C1C=C(C=C3)C#N)CN(C)C
Cyclophosphamide,C1CNP(=O)(OC1)N(CCCl)CCCl
Cyclosporine,CCC1C(=O)N(CC(=O)N(C(C(=O)NC(C(=O)N(C(C(=O)NC(C(=O)NC(C(=O)N(C(C(=O)N(C(C(=O)N(C(C(=O)N(C(C(=O)N1)C(C(C)CC=CC)O)C)C(C)C)C)CC(C)C)C)CC(C)C)C)C)C)CC(C)C)C)C(C)C)CC(C)C)C)C
Cyproterone acetate,CC(=O)C1(CCC2C1(CCC3C2C=C(C4=CC(=O)C5CC5C34C)Cl)C)OC(=O)C
Cytarabine,C1=CN(C(=O)N=C1N)C2C(C(C(O2)CO)O)O
Dabrafenib,CC(C)(C)C1=NC(=C(S1)C2=NC(=NC=C2)N)C3=C(C(=CC=C3)NS(=O)(=O)C4=C(C=CC=C4F)F)F
Dacarbazine,CN(C)N=NC1=C(NC=N1)C(=O)N
Dactinomycin,CC1C(C(=O)NC(C(=O)N2CCCC2C(=O)N(CC(=O)N(C(C(=O)O1)C(C)C)C)C)C(C)C)NC(=O)C3=C4C(=C(C=C3)C)OC5=C(C(=O)C(=C(C5=N4)C(=O)NC6C(OC(=O)C(N(C(=O)CN(C(=O)C7CCCN7C(=O)C(NC6=O)C(C)C)C)C)C(C)C)C)N)C
Dapagliflozin,CCOC1=CC=C(C=C1)CC2=C(C=CC(=C2)C3C(C(C(C(O3)CO)O)O)O)Cl
Dasatinib,CC1=C(C(=CC=C1)Cl)NC(=O)C2=CN=C(S2)NC3=CC(=NC(=N3)C)N4CCN(CC4)CCO
Daunorubicin,CC1C(C(CC(O1)OC2CC(CC3=C2C(=C4C(=C3O)C(=O)C5=C(C4=O)C(=CC=C5)OC)O)(C(=O)C)O)N)O
Decitabine,C1C(C(OC1N2C=NC(=NC2=O)N)CO)O
Deferasirox,C1=CC=C(C(=C1)C2=NN(C(=N2)C3=CC=CC=C3O)C4=CC=C(C=C4)C(=O)O)O
Deflazacort,CC1=NC2(C(O1)CC3C2(CC(C4C3CCC5=CC(=O)C=CC45C)O)C)C(=O)COC(=O)C
Degarelix,CC(C)CC(C(=O)NC(CCCCNC(C)C)C(=O)N1CCCC1C(=O)NC(C)C(=O)N)NC(=O)C(CC2=CC=C(C=C2)NC(=O)N)NC(=O)C(CC3=CC=C(C=C3)NC(=O)C4CC(=O)NC(=O)N4)NC(=O)C(CO)NC(=O)C(CC5=CN=CC=C5)NC(=O)C(CC6=CC=C(C=C6)Cl)NC(=O)C(CC7=CC8=CC=CC=C8C=C7)NC(=O)C
Deslanoside,CC1C(C(CC(O1)OC2CCC3(C(C2)CCC4C3CC(C5(C4(CCC5C6=CC(=O)OC6)O)C)O)C)O)OC7CC(C(C(O7)C)OC8CC(C(C(O8)C)OC9C(C(C(C(O9)CO)O)O)O)O)O
Desonide,CC1(OC2CC3C4CCC5=CC(=O)C=CC5(C4C(CC3(C2(O1)C(=O)CO)C)O)C)C
Desoximetasone,CC1CC2C3CCC4=CC(=O)C=CC4(C3(C(CC2(C1C(=O)CO)C)O)F)C
Dexamethasone,CC1CC2C3CCC4=CC(=O)C=CC4(C3(C(CC2(C1(C(=O)CO)O)C)O)F)C
Dexrazoxane,CC(CN1CC(=O)NC(=O)C1)N2CC(=O)NC(=O)C2
Diclofenac,C1=CC=C(C(=C1)CC(=O)O)NC2=C(C=CC=C2Cl)Cl
Dicoumarol,C1=CC=C2C(=C1)C(=C(C(=O)O2)CC3=C(C4=CC=CC=C4OC3=O)O)O
Dienogest,CC12CCC3=C4CCC(=O)C=C4CCC3C1CCC2(CC#N)O
Diethylstilbestrol,CCC(=C(CC)C1=CC=C(C=C1)O)C2=CC=C(C=C2)O
Diflorasone,CC1CC2C3CC(C4=CC(=O)C=CC4(C3(C(CC2(C1(C(=O)CO)O)C)O)F)C)F
Diflunisal,C1=CC(=C(C=C1C2=C(C=C(C=C2)F)F)C(=O)O)O
Difluocortolone,CC1CC2C3CC(C4=CC(=O)C=CC4(C3(C(CC2(C1C(=O)CO)C)O)F)C)F
Difluprednate,CCCC(=O)OC1(CCC2C1(CC(C3(C2CC(C4=CC(=O)C=CC43C)F)F)O)C)C(=O)COC(=O)C
Digitoxin,CC1C(C(CC(O1)OC2C(OC(CC2O)OC3C(OC(CC3O)OC4CCC5(C(C4)CCC6C5CCC7(C6(CCC7C8=CC(=O)OC8)O)C)C)C)C)O)O
Digoxin,CC1C(C(CC(O1)OC2C(OC(CC2O)OC3C(OC(CC3O)OC4CCC5(C(C4)CCC6C5CC(C7(C6(CCC7C8=CC(=O)OC8)O)C)O)C)C)C)O)O
Dihydroergotamine,CC1(C(=O)N2C(C(=O)N3CCCC3C2(O1)O)CC4=CC=CC=C4)NC(=O)C5CC6C(CC7=CNC8=CC=CC6=C78)N(C5)C
Diltiazem,CC(=O)OC1C(SC2=CC=CC=C2N(C1=O)CCN(C)C)C3=CC=C(C=C3)OC
Disopyramide,CC(C)N(CCC(C1=CC=CC=C1)(C2=CC=CC=N2)C(=O)N)C(C)C
Docetaxel,CC1=C2C(C(=O)C3(C(CC4C(C3C(C(C2(C)C)(CC1OC(=O)C(C(C5=CC=CC=C5)NC(=O)OC(C)(C)C)O)O)OC(=O)C6=CC=CC=C6)(CO4)OC(=O)C)O)C)O
Dofetilide,CN(CCC1=CC=C(C=C1)NS(=O)(=O)C)CCOC2=CC=C(C=C2)NS(=O)(=O)C
Dolasetron,C1C2CC3CC(CC1N3CC2=O)OC(=O)C4=CNC5=CC=CC=C54
Domperidone,C1CN(CCC1N2C3=C(C=C(C=C3)Cl)NC2=O)CCCN4C5=CC=CC=C5NC4=O
Doxorubicin,CC1C(C(CC(O1)OC2CC(CC3=C2C(=C4C(=C3O)C(=O)C5=C(C4=O)C(=CC=C5)OC)O)(C(=O)CO)O)N)O
Dronedarone,CCCCC1=C(C2=C(O1)C=CC(=C2)NS(=O)(=O)C)C(=O)C3=CC=C(C=C3)OCCCN(CCCC)CCCC
Droperidol,C1CN(CC=C1N2C3=CC=CC=C3NC2=O)CCCC(=O)C4=CC=C(C=C4)F
Droxicam,CN1C2=C(C3=CC=CC=C3S1(=O)=O)OC(=O)N(C2=O)C4=CC=CC=N4
Dyphylline,CN1C2=C(C(=O)N(C1=O)C)N(C=N2)CC(CO)O
Ecabet,CC(C)C1=C(C=C2C(=C1)CCC3C2(CCCC3(C)C(=O)O)C)S(=O)(=O)O
Edoxaban,CN1CCC2=C(C1)SC(=N2)C(=O)NC3CC(CCC3NC(=O)C(=O)NC4=NC=C(C=C4)Cl)C(=O)N(C)C
Edrophonium,CC[N+](C)(C)C1=CC(=CC=C1)O
Eflornithine,C(CC(C(F)F)(C(=O)O)N)CN
Eliglustat,CCCCCCCC(=O)NC(CN1CCCC1)C(C2=CC3=C(C=C2)OCCO3)O
Empagliflozin,C1COCC1OC2=CC=C(C=C2)CC3=C(C=CC(=C3)C4C(C(C(C(O4)CO)O)O)O)Cl
Enoxacin,CCN1C=C(C(=O)C2=CC(=C(N=C21)N3CCNCC3)F)C(=O)O
Enzalutamide,CC1(C(=O)N(C(=S)N1C2=CC(=C(C=C2)C(=O)NC)F)C3=CC(=C(C=C3)C#N)C(F)(F)F)C
Epirizole,CC1=CC(=NC(=N1)N2C(=CC(=N2)C)OC)OC
Epirubicin,CC1C(C(CC(O1)OC2CC(CC3=C2C(=C4C(=C3O)C(=O)C5=C(C4=O)C(=CC=C5)OC)O)(C(=O)CO)O)N)O
Eplerenone,CC12CCC(=O)C=C1CC(C3C24C(O4)CC5(C3CCC56CCC(=O)O6)C)C(=O)OC
Equilin,CC12CCC3C(=CCC4=C3C=CC(=C4)O)C1CCC2=O
Ergometrine,CC(CO)NC(=O)C1CN(C2CC3=CNC4=CC=CC(=C34)C2=C1)C
Ergotamine,CC1(C(=O)N2C(C(=O)N3CCCC3C2(O1)O)CC4=CC=CC=C4)NC(=O)C5CN(C6CC7=CNC8=CC=CC(=C78)C6=C5)C
Eribulin,CC1CC2CCC3C(=C)CC(O3)CCC45CC6C(O4)C7C(O6)C(O5)C8C(O7)CCC(O8)CC(=O)CC9C(CC(C1=C)O2)OC(C9OC)CC(CN)O
Erlotinib,COCCOC1=C(C=C2C(=C1)C(=NC=N2)NC3=CC=CC(=C3)C#C)OCCOC
Erythromycin,CCC1C(C(C(C(=O)C(CC(C(C(C(C(C(=O)O1)C)OC2CC(C(C(O2)C)O)(C)OC)C)OC3C(C(CC(O3)C)N(C)C)O)(C)O)C)C)O)(C)O
Escitalopram,CN(C)CCCC1(C2=C(CO1)C=C(C=C2)C#N)C3=CC=C(C=C3)F
Esmolol,CC(C)NCC(COC1=CC=C(C=C1)CCC(=O)OC)O
Estramustine,CC12CCC3C(C1CCC2O)CCC4=C3C=CC(=C4)OC(=O)N(CCCl)CCCl
Estrone,CC12CCC3C(C1CCC2=O)CCC4=C3C=CC(=C4)O
Estrone sulfate,CC12CCC3C(C1CCC2=O)CCC4=C3C=CC(=C4)OS(=O)(=O)O
Etacrynic acid,CCC(=C)C(=O)C1=C(C(=C(C=C1)OCC(=O)O)Cl)Cl
Etodolac,CCC1=C2C(=CC=C1)C3=C(N2)C(OCC3)(CC)CC(=O)O
Etofenamate,C1=CC=C(C(=C1)C(=O)OCCOCCO)NC2=CC=CC(=C2)C(F)(F)F
Etoposide,CC1OCC2C(O1)C(C(C(O2)OC3C4COC(=O)C4C(C5=CC6=C(C=C35)OCO6)C7=CC(=C(C(=C7)OC)O)OC)O)O
Etoricoxib,CC1=NC=C(C=C1)C2=C(C=C(C=N2)Cl)C3=CC=C(C=C3)S(=O)(=O)C
Everolimus,CC1CCC2CC(C(=CC=CC=CC(CC(C(=O)C(C(C(=CC(C(=O)CC(OC(=O)C3CCCCN3C(=O)C(=O)C1(O2)O)C(C)CC4CCC(C(C4)OC)OCCO)C)C)O)OC)C)C)C)OC
Exemestane,CC12CCC3C(C1CCC2=O)CC(=C)C4=CC(=O)C=CC34C
Fenbufen,C1=CC=C(C=C1)C2=CC=C(C=C2)C(=O)CCC(=O)O
Fenoprofen,CC(C1=CC(=CC=C1)OC2=CC=CC=C2)C(=O)O
Ferric pyrophosphate,[O-]P(=O)([O-])OP(=O)([O-])[O-].[O-]P(=O)([O-])OP(=O)([O-])[O-].[O-]P(=O)([O-])OP(=O)([O-])[O-].[Fe+3].[Fe+3].[Fe+3].[Fe+3]
Flecainide,C1CCNC(C1)CNC(=O)C2=C(C=CC(=C2)OCC(F)(F)F)OCC(F)(F)F
Fleroxacin,CN1CCN(CC1)C2=C(C=C3C(=C2F)N(C=C(C3=O)C(=O)O)CCF)F
Floctafenine,C1=CC=C(C(=C1)C(=O)OCC(CO)O)NC2=C3C=CC=C(C3=NC=C2)C(F)(F)F
Floxuridine,C1C(C(OC1N2C=C(C(=O)NC2=O)F)CO)O
Fludarabine,C1=NC2=C(N=C(N=C2N1C3C(C(C(O3)CO)O)O)F)N
Fludrocortisone,CC12CCC(=O)C=C1CCC3C2(C(CC4(C3CCC4(C(=O)CO)O)C)O)F
Flumethasone,CC1CC2C3CC(C4=CC(=O)C=CC4(C3(C(CC2(C1(C(=O)CO)O)C)O)F)C)F
Flunisolide,CC1(OC2CC3C4CC(C5=CC(=O)C=CC5(C4C(CC3(C2(O1)C(=O)CO)C)O)C)F)C
Fluocinolone acetonide,CC1(OC2CC3C4CC(C5=CC(=O)C=CC5(C4(C(CC3(C2(O1)C(=O)CO)C)O)F)C)F)C
Fluocinonide,CC(=O)OCC(=O)C12C(CC3C1(CC(C4(C3CC(C5=CC(=O)C=CC54C)F)F)O)C)OC(O2)(C)C
Fluocortolone,CC1CC2C3CC(C4=CC(=O)C=CC4(C3C(CC2(C1C(=O)CO)C)O)C)F
Fluorometholone,CC1CC2C3CCC(C3(CC(C2(C4(C1=CC(=O)C=C4)C)F)O)C)(C(=O)C)O
Fluorouracil,C1=C(C(=O)NC(=O)N1)F
Fluoxetine,CNCCC(C1=CC=CC=C1)OC2=CC=C(C=C2)C(F)(F)F
Flupentixol,C1CN(CCN1CCC=C2C3=CC=CC=C3SC4=C2C=C(C=C4)C(F)(F)F)CCO
Fluprednidene,CC12CC(C3(C(C1CC(=C)C2(C(=O)CO)O)CCC4=CC(=O)C=CC43C)F)O
Flurandrenolide,CC1(OC2CC3C4CC(C5=CC(=O)CCC5(C4C(CC3(C2(O1)C(=O)CO)C)O)C)F)C
Flurbiprofen,CC(C1=CC(=C(C=C1)C2=CC=CC=C2)F)C(=O)O
Flutamide,CC(C)C(=O)NC1=CC(=C(C=C1)[N+](=O)[O-])C(F)(F)F
Fluticasone furoate,CC1CC2C3CC(C4=CC(=O)C=CC4(C3(C(CC2(C1(C(=O)SCF)OC(=O)C5=CC=CO5)C)O)F)C)F
Fluticasone propionate,CCC(=O)OC1(C(CC2C1(CC(C3(C2CC(C4=CC(=O)C=CC43C)F)F)O)C)C)C(=O)SCF
Fluvastatin,CC(C)N1C2=CC=CC=C2C(=C1C=CC(CC(CC(=O)O)O)O)C3=CC=C(C=C3)F
Formestane,CC12CCC(=O)C(=C1CCC3C2CCC4(C3CCC4=O)C)O
Fosphenytoin,C1=CC=C(C=C1)C2(C(=O)N(C(=O)N2)COP(=O)(O)O)C3=CC=CC=C3
Framycetin,C1C(C(C(C(C1N)OC2C(C(C(C(O2)CN)O)O)N)OC3C(C(C(O3)CO)OC4C(C(C(C(O4)CN)O)O)N)O)O)N
Fulvestrant,CC12CCC3C(C1CCC2O)C(CC4=C3C=CC(=C4)O)CCCCCCCCCS(=O)CCCC(C(F)(F)F)(F)F
Furosemide,C1=COC(=C1)CNC2=CC(=C(C=C2C(=O)O)S(=O)(=O)N)Cl
Gadobenic acid,[H+].[H+].C1=CC=C(C=C1)COCC(C(=O)[O-])N(CCN(CCN(CC(=O)[O-])CC(=O)[O-])CC(=O)[O-])CC(=O)[O-].[Gd+3]
Gallium nitrate,[N+](=O)([O-])[O-].[N+](=O)([O-])[O-].[N+](=O)([O-])[O-].[Ga+3]
Gatifloxacin,CC1CN(CCN1)C2=C(C=C3C(=C2OC)N(C=C(C3=O)C(=O)O)C4CC4)F
Gefitinib,COC1=C(C=C2C(=C1)N=CN=C2NC3=CC(=C(C=C3)F)Cl)OCCCN4CCOCC4
Gemcitabine,C1=CN(C(=O)N=C1N)C2C(C(C(O2)CO)O)(F)F
Gemifloxacin,CON=C1CN(CC1CN)C2=C(C=C3C(=O)C(=CN(C3=N2)C4CC4)C(=O)O)F
Gentamicin,CC(C1CCC(C(O1)OC2C(CC(C(C2O)OC3C(C(C(CO3)(C)O)NC)O)N)N)N)NC
Gliclazide,CC1=CC=C(C=C1)S(=O)(=O)NC(=O)NN2CC3CCCC3C2
Glimepiride,CCC1=C(CN(C1=O)C(=O)NCCC2=CC=C(C=C2)S(=O)(=O)NC(=O)NC3CCC(CC3)C)C
Glipizide,CC1=CN=C(C=N1)C(=O)NCCC2=CC=C(C=C2)S(=O)(=O)NC(=O)NC3CCCCC3
Glyburide,COC1=C(C=C(C=C1)Cl)C(=O)NCCC2=CC=C(C=C2)S(=O)(=O)NC(=O)NC3CCCCC3
Goserelin,CC(C)CC(C(=O)NC(CCCN=C(N)N)C(=O)N1CCCC1C(=O)NNC(=O)N)NC(=O)C(COC(C)(C)C)NC(=O)C(CC2=CC=C(C=C2)O)NC(=O)C(CO)NC(=O)C(CC3=CNC4=CC=CC=C43)NC(=O)C(CC5=CN=CN5)NC(=O)C6CCC(=O)N6
Granisetron,CN1C2CCCC1CC(C2)NC(=O)C3=NN(C4=CC=CC=C43)C
Halcinonide,CC1(OC2CC3C4CCC5=CC(=O)CCC5(C4(C(CC3(C2(O1)C(=O)CCl)C)O)F)C)C
Haloperidol,C1CN(CCC1(C2=CC=C(C=C2)Cl)O)CCCC(=O)C3=CC=C(C=C3)F
Hexaminolevulinate,CCCCCCOC(=O)CCC(=O)CN
Hydrochlorothiazide,C1NC2=CC(=C(C=C2S(=O)(=O)N1)S(=O)(=O)N)Cl
Hydrocortisone,CC12CCC(=O)C=C1CCC3C2C(CC4(C3CCC4(C(=O)CO)O)C)O
Hydroflumethiazide,C1NC2=C(C=C(C(=C2)C(F)(F)F)S(=O)(=O)N)S(=O)(=O)N1
Hydroxyprogesterone caproate,CCCCCC(=O)OC1(CCC2C1(CCC3C2CCC4=CC(=O)CCC34C)C)C(=O)C
Hydroxyurea,C(=O)(N)NO
Ibrutinib,C=CC(=O)N1CCCC(C1)N2C3=NC=NC(=C3C(=N2)C4=CC=C(C=C4)OC5=CC=CC=C5)N
Ibuprofen,CC(C)CC1=CC=C(C=C1)C(C)C(=O)O
Ibutilide,CCCCCCCN(CC)CCCC(C1=CC=C(C=C1)NS(=O)(=O)C)O
Icatibant,C1CCC2C(C1)CC(N2C(=O)C3CC4=CC=CC=C4CN3C(=O)C(CO)NC(=O)C(CC5=CC=CS5)NC(=O)CNC(=O)C6CC(CN6C(=O)C7CCCN7C(=O)C(CCCN=C(N)N)NC(=O)C(CCCN=C(N)N)N)O)C(=O)NC(CCCN=C(N)N)C(=O)O
Idarubicin,CC1C(C(CC(O1)OC2CC(CC3=C2C(=C4C(=C3O)C(=O)C5=CC=CC=C5C4=O)O)(C(=O)C)O)N)O
Idelalisib,CCC(C1=NC2=C(C(=CC=C2)F)C(=O)N1C3=CC=CC=C3)NC4=NC=NC5=C4NC=N5
Ifosfamide,C1CN(P(=O)(OC1)NCCCl)CCCl
Iloperidone,CC(=O)C1=CC(=C(C=C1)OCCCN2CCC(CC2)C3=NOC4=C3C=CC(=C4)F)OC
Imatinib,CC1=C(C=C(C=C1)NC(=O)C2=CC=C(C=C2)CN3CCN(CC3)C)NC4=NC=CC(=N4)C5=CN=CC=C5
Imiquimod,CC(C)CN1C=NC2=C1C3=CC=CC=C3N=C2N
Indapamide,CC1CC2=CC=CC=C2N1NC(=O)C3=CC(=C(C=C3)Cl)S(=O)(=O)N
Indomethacin,CC1=C(C2=C(N1C(=O)C3=CC=C(C=C3)Cl)C=CC(=C2)OC)CC(=O)O
Iobenguane,C1=CC(=CC(=C1)I)CN=C(N)N
Irinotecan,CCC1=C2CN3C(=CC4=C(C3=O)COC(=O)C4(CC)O)C2=NC5=C1C=C(C=C5)OC(=O)N6CCC(CC6)N7CCCCC7
Iron,[Fe]
Iron sucrose,
Ixabepilone,CC1CCCC2(C(O2)CC(NC(=O)CC(C(C(=O)C(C1O)C)(C)C)O)C(=CC3=CSC(=N3)C)C)C
Ixazomib,B(C(CC(C)C)NC(=O)CNC(=O)C1=C(C=CC(=C1)Cl)Cl)(O)O
Kanamycin,C1C(C(C(C(C1N)OC2C(C(C(C(O2)CN)O)O)O)O)OC3C(C(C(C(O3)CO)O)N)O)N
Kaolin,
Ketoprofen,CC(C1=CC(=CC=C1)C(=O)C2=CC=CC=C2)C(=O)O
Ketorolac,C1CN2C(=CC=C2C(=O)C3=CC=CC=C3)C1C(=O)O
Labetalol,CC(CCC1=CC=CC=C1)NCC(C2=CC(=C(C=C2)O)C(=O)N)O
Lanreotide,CC(C)C1C(=O)NC(CSSCC(C(=O)NC(C(=O)NC(C(=O)NC(C(=O)N1)CCCCN)CC2=CNC3=CC=CC=C32)CC4=CC=C(C=C4)O)NC(=O)C(CC5=CC6=CC=CC=C6C=C5)N)C(=O)NC(C(C)O)C(=O)N
Lanthanum carbonate,C(=O)([O-])[O-].C(=O)([O-])[O-].C(=O)([O-])[O-].[La+3].[La+3]
Lapatinib,CS(=O)(=O)CCNCC1=CC=C(O1)C2=CC3=C(C=C2)N=CN=C3NC4=CC(=C(C=C4)OCC5=CC(=CC=C5)F)Cl
Ledipasvir,CC(C)C(C(=O)N1CC2(CC2)CC1C3=NC=C(N3)C4=CC5=C(C=C4)C6=C(C5(F)F)C=C(C=C6)C7=CC8=C(C=C7)N=C(N8)C9C1CCC(C1)N9C(=O)C(C(C)C)NC(=O)OC)NC(=O)OC
Leflunomide,CC1=C(C=NO1)C(=O)NC2=CC=C(C=C2)C(F)(F)F
Lenalidomide,C1CC(=O)NC(=O)C1N2CC3=C(C2=O)C=CC=C3N
Lenvatinib,COC1=CC2=NC=CC(=C2C=C1C(=O)N)OC3=CC(=C(C=C3)NC(=O)NC4CC4)Cl
Letrozole,C1=CC(=CC=C1C#N)C(C2=CC=C(C=C2)C#N)N3C=NC=N3
Levobunolol,CC(C)(C)NCC(COC1=CC=CC2=C1CCCC2=O)O
Levofloxacin,CC1COC2=C3N1C=C(C(=O)C3=CC(=C2N4CCN(CC4)C)F)C(=O)O
Lisuride,CCN(CC)C(=O)NC1CN(C2CC3=CNC4=CC=CC(=C34)C2=C1)C
Lomefloxacin,CCN1C=C(C(=O)C2=CC(=C(C(=C21)F)N3CCNC(C3)C)F)C(=O)O
Lomustine,C1CCC(CC1)NC(=O)N(CCCl)N=O
Lopinavir,CC1=C(C(=CC=C1)C)OCC(=O)NC(CC2=CC=CC=C2)C(CC(CC3=CC=CC=C3)NC(=O)C(C(C)C)N4CCCNC4=O)O
Lornoxicam,CN1C(=C(C2=C(S1(=O)=O)C=C(S2)Cl)O)C(=O)NC3=CC=CC=N3
Loteprednol,CC12CC(C3C(C1CCC2(C(=O)OCCl)O)CCC4=CC(=O)C=CC34C)O
Lovastatin,CCC(C)C(=O)OC1CC(C=C2C1C(C(C=C2)C)CCC3CC(CC(=O)O3)O)C
Loxoprofen,CC(C1=CC=C(C=C1)CC2CCCC2=O)C(=O)O
Lumacaftor,CC1=C(N=C(C=C1)NC(=O)C2(CC2)C3=CC4=C(C=C3)OC(O4)(F)F)C5=CC(=CC=C5)C(=O)O
Lumefantrine,CCCCN(CCCC)CC(C1=CC(=CC2=C1C3=C(C2=CC4=CC=C(C=C4)Cl)C=C(C=C3)Cl)Cl)O
Lumiracoxib,CC1=CC(=C(C=C1)NC2=C(C=CC=C2Cl)F)CC(=O)O
Lycopene,CC(=CCCC(=CC=CC(=CC=CC(=CC=CC=C(C)C=CC=C(C)C=CC=C(C)CCC=C(C)C)C)C)C)C
Magnesium salicylate,C1=CC=C(C(=C1)C(=O)O)[O-].C1=CC=C(C(=C1)C(=O)O)[O-].[Mg+2]
Magnesium sulfate,[O-]S(=O)(=O)[O-].[Mg+2]
Masoprocol,CC(CC1=CC(=C(C=C1)O)O)C(C)CC2=CC(=C(C=C2)O)O
Mebendazole,COC(=O)NC1=NC2=C(N1)C=C(C=C2)C(=O)C3=CC=CC=C3
Mechlorethamine,CN(CCCl)CCCl
Meclofenamic acid,CC1=C(C(=C(C=C1)Cl)NC2=CC=CC=C2C(=O)O)Cl
Medrogestone,CC1=CC2C(CCC3(C2CCC3(C)C(=O)C)C)C4(C1=CC(=O)CC4)C
Medroxyprogesterone acetate,CC1CC2C(CCC3(C2CCC3(C(=O)C)OC(=O)C)C)C4(C1=CC(=O)CC4)C
Medrysone,CC1CC2C3CCC(C3(CC(C2C4(C1=CC(=O)CC4)C)O)C)C(=O)C
Mefenamic acid,CC1=C(C(=CC=C1)NC2=CC=CC=C2C(=O)O)C
Megestrol acetate,CC1=CC2C(CCC3(C2CCC3(C(=O)C)OC(=O)C)C)C4(C1=CC(=O)CC4)C
Meloxicam,CC1=CN=C(S1)NC(=O)C2=C(C3=CC=CC=C3S(=O)(=O)N2C)O
Melphalan,C1=CC(=CC=C1CC(C(=O)O)N)N(CCCl)CCCl
Mequinol,COC1=CC=C(C=C1)O
Mercaptopurine,C1=NC2=C(N1)C(=S)N=CN2
Mesalazine,C1=CC(=C(C=C1N)C(=O)O)O
Metformin,CN(C)C(=N)N=C(N)N
Methadone,CCC(=O)C(CC(C)N(C)C)(C1=CC=CC=C1)C2=CC=CC=C2
Methotrexate,CN(CC1=CN=C2C(=N1)C(=NC(=N2)N)N)C3=CC=C(C=C3)C(=O)NC(CCC(=O)O)C(=O)O
Methoxsalen,COC1=C2C(=CC3=C1OC=C3)C=CC(=O)O2
Methyclothiazide,CN1C(NC2=CC(=C(C=C2S1(=O)=O)S(=O)(=O)N)Cl)CCl
Methyl aminolevulinate,COC(=O)CCC(=O)CN
Methylergometrine,CCC(CO)NC(=O)C1CN(C2CC3=CNC4=CC=CC(=C34)C2=C1)C
Methylprednisolone,CC1CC2C3CCC(C3(CC(C2C4(C1=CC(=O)C=C4)C)O)C)(C(=O)CO)O
Methyltestosterone,CC12CCC(=O)C=C1CCC3C2CCC4(C3CCC4(C)O)C
Methysergide,CCC(CO)NC(=O)C1CN(C2CC3=CN(C4=CC=CC(=C34)C2=C1)C)C
Metipranolol,CC1=CC(=C(C(=C1OC(=O)C)C)C)OCC(CNC(C)C)O
Metolazone,CC1NC2=CC(=C(C=C2C(=O)N1C3=CC=CC=C3C)S(=O)(=O)N)Cl
Metoprolol,CC(C)NCC(COC1=CC=C(C=C1)CCOC)O
Metrizamide,CC(=O)NC1=C(C(=C(C(=C1I)C(=O)NC2C(C(C(OC2O)CO)O)O)I)N(C)C(=O)C)I
Midostaurin,CC12C(C(CC(O1)N3C4=CC=CC=C4C5=C6C(=C7C8=CC=CC=C8N2C7=C53)CNC6=O)N(C)C(=O)C9=CC=CC=C9)OC
Mifepristone,CC#CC1(CCC2C1(CC(C3=C4CCC(=O)C=C4CCC23)C5=CC=C(C=C5)N(C)C)C)O
Miglitol,C1C(C(C(C(N1CCO)CO)O)O)O
Milnacipran,CCN(CC)C(=O)C1(CC1CN)C2=CC=CC=C2
Miltefosine,CCCCCCCCCCCCCCCCOP(=O)([O-])OCC[N+](C)(C)C
Mitomycin,CC1=C(C(=O)C2=C(C1=O)N3CC4C(C3(C2COC(=O)N)OC)N4)N
Mitotane,C1=CC=C(C(=C1)C(C2=CC=C(C=C2)Cl)C(Cl)Cl)Cl
Mitoxantrone,C1=CC(=C2C(=C1NCCNCCO)C(=O)C3=C(C=CC(=C3C2=O)O)O)NCCNCCO
Mometasone,CC1CC2C3CCC4=CC(=O)C=CC4(C3(C(CC2(C1(C(=O)CCl)O)C)O)Cl)C
Moxifloxacin,COC1=C2C(=CC(=C1N3CC4CCCNC4C3)F)C(=O)C(=CN2C5CC5)C(=O)O
Mycophenolate mofetil,CC1=C2COC(=O)C2=C(C(=C1OC)CC=C(C)CCC(=O)OCCN3CCOCC3)O
Mycophenolic acid,CC1=C2COC(=O)C2=C(C(=C1OC)CC=C(C)CCC(=O)O)O
Nabumetone,CC(=O)CCC1=CC2=C(C=C1)C=C(C=C2)OC
Nadolol,CC(C)(C)NCC(COC1=CC=CC2=C1CC(C(C2)O)O)O
Nafamostat,C1=CC(=CC=C1C(=O)OC2=CC3=C(C=C2)C=C(C=C3)C(=N)N)N=C(N)N
Naftifine,CN(CC=CC1=CC=CC=C1)CC2=CC=CC3=CC=CC=C32
Nalidixic acid,CCN1C=C(C(=O)C2=C1N=C(C=C2)C)C(=O)O
Naloxegol,COCCOCCOCCOCCOCCOCCOCCOC1CCC2(C3CC4=C5C2(C1OC5=C(C=C4)O)CCN3CC=C)O
Naproxen,CC(C1=CC2=C(C=C1)C=C(C=C2)OC)C(=O)O
Nateglinide,CC(C)C1CCC(CC1)C(=O)NC(CC2=CC=CC=C2)C(=O)O
Nebivolol,C1CC2=C(C=CC(=C2)F)OC1C(CNCC(C3CCC4=C(O3)C=CC(=C4)F)O)O
Nedaplatin,C(C(=O)[O-])[O-].N.N.[Pt+2]
Nelarabine,COC1=NC(=NC2=C1N=CN2C3C(C(C(O3)CO)O)O)N
Nepafenac,C1=CC=C(C=C1)C(=O)C2=CC=CC(=C2N)CC(=O)N
Netilmicin,CCNC1CC(C(C(C1OC2C(C(C(CO2)(C)O)NC)O)O)OC3C(CC=C(O3)CN)N)N
Nevirapine,CC1=C2C(=NC=C1)N(C3=C(C=CC=N3)C(=O)N2)C4CC4
Nicergoline,CN1CC(CC2(C1CC3=CN(C4=CC=CC2=C34)C)OC)COC(=O)C5=CC(=CN=C5)Br
Niflumic acid,C1=CC(=CC(=C1)NC2=C(C=CC=N2)C(=O)O)C(F)(F)F
Nilotinib,CC1=C(C=C(C=C1)C(=O)NC2=CC(=CC(=C2)C(F)(F)F)N3C=C(N=C3)C)NC4=NC=CC(=N4)C5=CN=CC=C5
Nilutamide,CC1(C(=O)N(C(=O)N1)C2=CC(=C(C=C2)[N+](=O)[O-])C(F)(F)F)C
Nimesulide,CS(=O)(=O)NC1=C(C=C(C=C1)[N+](=O)[O-])OC2=CC=CC=C2
Nintedanib,CN1CCN(CC1)CC(=O)N(C)C2=CC=C(C=C2)N=C(C3=CC=CC=C3)C4=C(NC5=C4C=CC(=C5)C(=O)OC)O
Niraparib,C1CC(CNC1)C2=CC=C(C=C2)N3C=C4C=CC=C(C4=N3)C(=O)N
Nitrofurantoin,C1C(=O)NC(=O)N1N=CC2=CC=C(O2)[N+](=O)[O-]
Norfloxacin,CCN1C=C(C(=O)C2=CC(=C(C=C21)N3CCNCC3)F)C(=O)O
Octreotide,CC(C1C(=O)NC(CSSCC(C(=O)NC(C(=O)NC(C(=O)NC(C(=O)N1)CCCCN)CC2=CNC3=CC=CC=C32)CC4=CC=CC=C4)NC(=O)C(CC5=CC=CC=C5)N)C(=O)NC(CO)C(C)O)O
Ofloxacin,CC1COC2=C3N1C=C(C(=O)C3=CC(=C2N4CCN(CC4)C)F)C(=O)O
Olaparib,C1CC1C(=O)N2CCN(CC2)C(=O)C3=C(C=CC(=C3)CC4=NNC(=O)C5=CC=CC=C54)F
Olopatadine,CN(C)CCC=C1C2=CC=CC=C2COC3=C1C=C(C=C3)CC(=O)O
Olsalazine,C1=CC(=C(C=C1N=NC2=CC(=C(C=C2)O)C(=O)O)C(=O)O)O
Omacetaxine mepesuccinate,CC(C)(CCCC(CC(=O)OC)(C(=O)OC1C2C3=CC4=C(C=C3CCN5C2(CCC5)C=C1OC)OCO4)O)O
Ondansetron,CC1=NC=CN1CC2CCC3=C(C2=O)C4=CC=CC=C4N3C
Osimertinib,CN1C=C(C2=CC=CC=C21)C3=NC(=NC=C3)NC4=C(C=C(C(=C4)NC(=O)C=C)N(C)CCN(C)C)OC
Ouabain,CC1C(C(C(C(O1)OC2CC(C3(C4C(CCC3(C2)O)C5(CCC(C5(CC4O)C)C6=CC(=O)OC6)O)CO)O)O)O)O
Oxaliplatin,C1CCC(C(C1)[NH-])[NH-].C(=O)(C(=O)O)O.[Pt+2]
Oxaprozin,C1=CC=C(C=C1)C2=C(OC(=N2)CCC(=O)O)C3=CC=CC=C3
Oxprenolol,CC(C)NCC(COC1=CC=CC=C1OCC=C)O
Oxyphenbutazone,CCCCC1C(=O)N(N(C1=O)C2=CC=C(C=C2)O)C3=CC=CC=C3
Paclitaxel,CC1=C2C(C(=O)C3(C(CC4C(C3C(C(C2(C)C)(CC1OC(=O)C(C(C5=CC=CC=C5)NC(=O)C6=CC=CC=C6)O)O)OC(=O)C7=CC=CC=C7)(CO4)OC(=O)C)O)C)OC(=O)C
Palbociclib,CC1=C(C(=O)N(C2=NC(=NC=C12)NC3=NC=C(C=C3)N4CCNCC4)C5CCCC5)C(=O)C
Paliperidone,CC1=C(C(=O)N2CCCC(C2=N1)O)CCN3CCC(CC3)C4=NOC5=C4C=CC(=C5)F
Pamidronic acid,C(CN)C(O)(P(=O)(O)O)P(=O)(O)O
Panobinostat,CC1=C(C2=CC=CC=C2N1)CCNCC3=CC=C(C=C3)C=CC(=O)NO
Paramethasone,CC1CC2C3CC(C4=CC(=O)C=CC4(C3C(CC2(C1(C(=O)CO)O)C)O)C)F
Parecoxib,CCC(=O)NS(=O)(=O)C1=CC=C(C=C1)C2=C(ON=C2C3=CC=CC=C3)C
Paricalcitol,CC(C=CC(C)C(C)(C)O)C1CCC2C1(CCCC2=CC=C3CC(CC(C3)O)O)C
Paromomycin,C1C(C(C(C(C1N)OC2C(C(C(C(O2)CO)O)O)N)OC3C(C(C(O3)CO)OC4C(C(C(C(O4)CN)O)O)N)O)O)N
Pazopanib,CC1=C(C=C(C=C1)NC2=NC=CC(=N2)N(C)C3=CC4=NN(C(=C4C=C3)C)C)S(=O)(=O)N
Pefloxacin,CCN1C=C(C(=O)C2=CC(=C(C=C21)N3CCN(CC3)C)F)C(=O)O
Pemetrexed,C1=CC(=CC=C1CCC2=CNC3=C2C(=O)NC(=N3)N)C(=O)NC(CCC(=O)O)C(=O)O
Penbutolol,CC(C)(C)NCC(COC1=CC=CC=C1C2CCCC2)O
Penicillamine,CC(C)(C(C(=O)O)N)S
Pentamidine,C1=CC(=CC=C1C(=N)N)OCCCCCOC2=CC=C(C=C2)C(=N)N
Pentobarbital,CCCC(C)C1(C(=O)NC(=O)NC1=O)CC
Pentostatin,C1C(C(OC1N2C=NC3=C2NC=NCC3O)CO)O
Perflutren,C(C(F)(F)F)(C(F)(F)F)(F)F
Pergolide,CCCN1CC(CC2C1CC3=CNC4=CC=CC2=C34)CSC
Phenindione,C1=CC=C(C=C1)C2C(=O)C3=CC=CC=C3C2=O
Phenobarbital,CCC1(C(=O)NC(=O)NC1=O)C2=CC=CC=C2
Phenprocoumon,CCC(C1=CC=CC=C1)C2=C(C3=CC=CC=C3OC2=O)O
Phenylacetic acid,C1=CC=C(C=C1)CC(=O)O
Phenylbutazone,CCCCC1C(=O)N(N(C1=O)C2=CC=CC=C2)C3=CC=CC=C3
Phenylbutyric acid,C1=CC=C(C=C1)CCCC(=O)O
Phenytoin,C1=CC=C(C=C1)C2(C(=O)NC(=O)N2)C3=CC=CC=C3
Pimecrolimus,CCC1C=C(CC(CC(C2C(CC(C(O2)(C(=O)C(=O)N3CCCCC3C(=O)OC(C(C(CC1=O)O)C)C(=CC4CCC(C(C4)OC)Cl)C)O)C)OC)OC)C)C
Pimozide,C1CN(CCC1N2C3=CC=CC=C3NC2=O)CCCC(C4=CC=C(C=C4)F)C5=CC=C(C=C5)F
Pindolol,CC(C)NCC(COC1=CC=CC2=C1C=CN2)O
Pioglitazone,CCC1=CN=C(C=C1)CCOC2=CC=C(C=C2)CC3C(=O)NC(=O)S3
Pipobroman,C1CN(CCN1C(=O)CCBr)C(=O)CCBr
Pirfenidone,CC1=CN(C(=O)C=C1)C2=CC=CC=C2
Pirlindole,CC1=CC2=C(C=C1)N3CCNC4C3=C2CCC4
Piroxicam,CN1C(=C(C2=CC=CC=C2S1(=O)=O)O)C(=O)NC3=CC=CC=N3
Pitavastatin,C1CC1C2=NC3=CC=CC=C3C(=C2C=CC(CC(CC(=O)O)O)O)C4=CC=C(C=C4)F
Pixantrone,C1=CC(=C2C(=C1NCCN)C(=O)C3=C(C2=O)C=NC=C3)NCCN
Plicamycin,CC1C(C(CC(O1)OC2CC(OC(C2O)C)OC3=CC4=CC5=C(C(=O)C(C(C5)C(C(=O)C(C(C)O)O)OC)OC6CC(C(C(O6)C)O)OC7CC(C(C(O7)C)O)OC8CC(C(C(O8)C)O)(C)O)C(=C4C(=C3C)O)O)O)O
Podofilox,COC1=CC(=CC(=C1OC)OC)C2C3C(COC3=O)C(C4=CC5=C(C=C24)OCO5)O
Podophyllin,COC1=CC(=CC(=C1OC)OC)C2C3C(COC3=O)C(C4=CC5=C(C=C24)OCO5)O.COC1=CC(=CC(=C1OC)OC)C2C3C(COC3=O)C(C4=CC5=C(C=C24)OCO5)O.COC1=CC(=CC(=C1OC)OC)C2C(C(C(C3=CC4=C(C=C23)OCO4)O)CO)C(=O)O.COC1=CC(=CC(=C1OC)OC)C2C(C(C(C3=CC4=C(C=C23)OCO4)O)CO)C(=O)O
Polythiazide,
Pomalidomide,C1CC(=O)NC(=O)C1N2C(=O)C3=C(C2=O)C(=CC=C3)N
Ponatinib,CC1=C(C=C(C=C1)C(=O)NC2=CC(=C(C=C2)CN3CCN(CC3)C)C(F)(F)F)C#CC4=CN=C5N4N=CC=C5
Practolol,CC(C)NCC(COC1=CC=C(C=C1)NC(=O)C)O
Pralatrexate,C#CCC(CC1=CN=C2C(=N1)C(=NC(=N2)N)N)C3=CC=C(C=C3)C(=O)NC(CCC(=O)O)C(=O)O
Prasterone,CC12CCC3C(C1CCC2=O)CC=C4C3(CCC(C4)O)C
Pravastatin,CCC(C)C(=O)OC1CC(C=C2C1C(C(C=C2)C)CCC(CC(CC(=O)O)O)O)O
Prednicarbate,CCC(=O)OCC(=O)C1(CCC2C1(CC(C3C2CCC4=CC(=O)C=CC34C)O)C)OC(=O)OCC
Prednisolone,CC12CC(C3C(C1CCC2(C(=O)CO)O)CCC4=CC(=O)C=CC34C)O
Prednisone,CC12CC(=O)C3C(C1CCC2(C(=O)CO)O)CCC4=CC(=O)C=CC34C
Primaquine,CC(CCCN)NC1=C2C(=CC(=C1)OC)C=CC=N2
Primidone,CCC1(C(=O)NCNC1=O)C2=CC=CC=C2
Procainamide,CCN(CC)CCNC(=O)C1=CC=C(C=C1)N
Procarbazine,CC(C)NC(=O)C1=CC=C(C=C1)CNNC
Promazine,CN(C)CCCN1C2=CC=CC=C2SC3=CC=CC=C31
Propacetamol,CCN(CC)CC(=O)OC1=CC=C(C=C1)NC(=O)C
Propafenone,CCCNCC(COC1=CC=CC=C1C(=O)CCC2=CC=CC=C2)O
Propranolol,CC(C)NCC(COC1=CC=CC2=CC=CC=C21)O
Prucalopride,COCCCN1CCC(CC1)NC(=O)C2=CC(=C(C3=C2OCC3)N)Cl
Quetiapine,C1CN(CCN1CCOCCO)C2=NC3=CC=CC=C3SC4=CC=CC=C42
Quinacrine,CCN(CC)CCCC(C)NC1=C2C=C(C=CC2=NC3=C1C=CC(=C3)Cl)OC
Quinapril,CCOC(=O)C(CCC1=CC=CC=C1)NC(C)C(=O)N2CC3=CC=CC=C3CC2C(=O)O
Quinethazone,CCC1NC2=CC(=C(C=C2C(=O)N1)S(=O)(=O)N)Cl
Quinidine,COC1=CC2=C(C=CN=C2C=C1)C(C3CC4CCN3CC4C=C)O
Quinine,COC1=CC2=C(C=CN=C2C=C1)C(C3CC4CCN3CC4C=C)O
Radium Ra 223 dichloride,
Raltitrexed,CC1=NC2=C(C=C(C=C2)CN(C)C3=CC=C(S3)C(=O)NC(CCC(=O)O)C(=O)O)C(=O)N1
Ranolazine,CC1=C(C(=CC=C1)C)NC(=O)CN2CCN(CC2)CC(COC3=CC=CC=C3OC)O
Regorafenib,CNC(=O)C1=NC=CC(=C1)OC2=CC(=C(C=C2)NC(=O)NC3=CC(=C(C=C3)Cl)C(F)(F)F)F
Repaglinide,CCOC1=C(C=CC(=C1)CC(=O)NC(CC(C)C)C2=CC=CC=C2N3CCCCC3)C(=O)O
Reserpine,COC1C(CC2CN3CCC4=C(C3CC2C1C(=O)OC)NC5=C4C=CC(=C5)OC)OC(=O)C6=CC(=C(C(=C6)OC)OC)OC
Resveratrol,C1=CC(=CC=C1C=CC2=CC(=CC(=C2)O)O)O
Ribociclib,CN(C)C(=O)C1=CC2=CN=C(N=C2N1C3CCCC3)NC4=NC=C(C=C4)N5CCNCC5
Riboflavin,CC1=CC2=C(C=C1C)N(C3=NC(=O)NC(=O)C3=N2)CC(C(C(CO)O)O)O
Ribostamycin,C1C(C(C(C(C1N)OC2C(C(C(C(O2)CN)O)O)N)OC3C(C(C(O3)CO)O)O)O)N
Rifabutin,CC1C=CC=C(C(=O)NC2=C(C3=C(C4=C(C(=C3O)C)OC(C4=O)(OC=CC(C(C(C(C(C(C1O)C)O)C)OC(=O)C)C)OC)C)C5=NC6(CCN(CC6)CC(C)C)N=C25)O)C
Rifampicin,CC1C=CC=C(C(=O)NC2=C(C(=C3C(=C2O)C(=C(C4=C3C(=O)C(O4)(OC=CC(C(C(C(C(C(C1O)C)O)C)OC(=O)C)C)OC)C)C)O)O)C=NN5CCN(CC5)C)C
Rifapentine,CC1C=CC=C(C(=O)NC2=C(C(=C3C(=C2O)C(=C(C4=C3C(=O)C(O4)(OC=CC(C(C(C(C(C(C1O)C)O)C)OC(=O)C)C)OC)C)C)O)O)C=NN5CCN(CC5)C6CCCC6)C
Rifaximin,CC1C=CC=C(C(=O)NC2=C(C3=C(C4=C(C(=C3O)C)OC(C4=O)(OC=CC(C(C(C(C(C(C1O)C)O)C)OC(=O)C)C)OC)C)C5=C2N6C=CC(=CC6=N5)C)O)C
Rilpivirine,CC1=CC(=CC(=C1NC2=NC(=NC=C2)NC3=CC=C(C=C3)C#N)C)C=CC#N
Rimexolone,CCC(=O)C1(C(CC2C1(CC(C3C2CCC4=CC(=O)C=CC34C)O)C)C)C
Romidepsin,CC=C1C(=O)NC(C(=O)OC2CC(=O)NC(C(=O)NC(CSSCCC=C2)C(=O)N1)C(C)C)C(C)C
Rosiglitazone,CN(CCOC1=CC=C(C=C1)CC2C(=O)NC(=O)S2)C3=CC=CC=N3
Rosoxacin,CCN1C=C(C(=O)C2=C1C=C(C=C2)C3=CC=NC=C3)C(=O)O
Rosuvastatin,CC(C)C1=NC(=NC(=C1C=CC(CC(CC(=O)O)O)O)C2=CC=C(C=C2)F)N(C)S(=O)(=O)C
Rucaparib,CNCC1=CC=C(C=C1)C2=C3CCNC(=O)C4=C3C(=CC(=C4)F)N2
Ruxolitinib,C1CCC(C1)C(CC#N)N2C=C(C=N2)C3=C4C=CNC4=NC=N3
Salicylamide,C1=CC=C(C(=C1)C(=O)N)O
Salicylic acid,C1=CC=C(C(=C1)C(=O)O)O
Salsalate,C1=CC=C(C(=C1)C(=O)OC2=CC=CC=C2C(=O)O)O
Saquinavir,CC(C)(C)NC(=O)C1CC2CCCCC2CN1CC(C(CC3=CC=CC=C3)NC(=O)C(CC(=O)N)NC(=O)C4=NC5=CC=CC=C5C=C4)O
Saxagliptin,C1C2CC2N(C1C#N)C(=O)C(C34CC5CC(C3)CC(C5)(C4)O)N
Seratrodast,CC1=C(C(=O)C(=C(C1=O)C)C(CCCCCC(=O)O)C2=CC=CC=C2)C
Silodosin,CC(CC1=CC2=C(C(=C1)C(=O)N)N(CC2)CCCO)NCCOC3=CC=CC=C3OCC(F)(F)F
Simvastatin,CCC(C)(C)C(=O)OC1CC(C=C2C1C(C(C=C2)C)CCC3CC(CC(=O)O3)O)C
Sirolimus,CC1CCC2CC(C(=CC=CC=CC(CC(C(=O)C(C(C(=CC(C(=O)CC(OC(=O)C3CCCCN3C(=O)C(=O)C1(O2)O)C(C)CC4CCC(C(C4)OC)O)C)C)O)OC)C)C)C)OC
Sitagliptin,C1CN2C(=NN=C2C(F)(F)F)CN1C(=O)CC(CC3=CC(=C(C=C3F)F)F)N
Sonidegib,CC1CN(CC(O1)C)C2=NC=C(C=C2)NC(=O)C3=CC=CC(=C3C)C4=CC=C(C=C4)OC(F)(F)F
Sorafenib,CNC(=O)C1=NC=CC(=C1)OC2=CC=C(C=C2)NC(=O)NC3=CC(=C(C=C3)Cl)C(F)(F)F
Sotalol,CC(C)NCC(C1=CC=C(C=C1)NS(=O)(=O)C)O
Sparfloxacin,CC1CN(CC(N1)C)C2=C(C(=C3C(=C2F)N(C=C(C3=O)C(=O)O)C4CC4)N)F
Spectinomycin,CC1CC(=O)C2(C(O1)OC3C(C(C(C(C3O2)NC)O)NC)O)O
Spironolactone,CC(=O)SC1CC2=CC(=O)CCC2(C3C1C4CCC5(C4(CC3)C)CCC(=O)O5)C
Streptomycin,CC1C(C(C(O1)OC2C(C(C(C(C2O)O)N=C(N)N)O)N=C(N)N)OC3C(C(C(C(O3)CO)O)O)NC)(C=O)O
Streptozocin,CN(C(=O)NC1C(C(C(OC1O)CO)O)O)N=O
Strontium ranelate,C(C1=C(SC(=C1C#N)N(CC(=O)[O-])CC(=O)[O-])C(=O)[O-])C(=O)[O-].[Sr+2].[Sr+2]
Sucralfate,
Sulfadiazine,C1=CN=C(N=C1)NS(=O)(=O)C2=CC=C(C=C2)N
Sulfamethoxazole,CC1=CC(=NO1)NS(=O)(=O)C2=CC=C(C=C2)N
Sulfasalazine,C1=CC=NC(=C1)NS(=O)(=O)C2=CC=C(C=C2)N=NC3=CC(=C(C=C3)O)C(=O)O
Sulfisoxazole,CC1=C(ON=C1C)NS(=O)(=O)C2=CC=C(C=C2)N
Sulindac,CC1=C(C2=C(C1=CC3=CC=C(C=C3)S(=O)C)C=CC(=C2)F)CC(=O)O
Sulpiride,CCN1CCCC1CNC(=O)C2=C(C=CC(=C2)S(=O)(=O)N)OC
Sunitinib,CCN(CC)CCNC(=O)C1=C(NC(=C1C)C=C2C3=C(C=CC(=C3)F)NC2=O)C
Suprofen,CC(C1=CC=C(C=C1)C(=O)C2=CC=CS2)C(=O)O
Suramin,CC1=C(C=C(C=C1)C(=O)NC2=C3C(=CC(=CC3=C(C=C2)S(=O)(=O)O)S(=O)(=O)O)S(=O)(=O)O)NC(=O)C4=CC(=CC=C4)NC(=O)NC5=CC=CC(=C5)C(=O)NC6=C(C=CC(=C6)C(=O)NC7=C8C(=CC(=CC8=C(C=C7)S(=O)(=O)O)S(=O)(=O)O)S(=O)(=O)O)C
Tacrolimus,CC1CC(C2C(CC(C(O2)(C(=O)C(=O)N3CCCCC3C(=O)OC(C(C(CC(=O)C(C=C(C1)C)CC=C)O)C)C(=CC4CCC(C(C4)OC)O)C)O)C)OC)OC
Tamoxifen,CCC(=C(C1=CC=CC=C1)C2=CC=C(C=C2)OCCN(C)C)C3=CC=CC=C3
Tegafur,C1CC(OC1)N2C=C(C(=O)NC2=O)F
Telavancin,CCCCCCCCCCNCCNC1(CC(OC(C1O)C)OC2C(C(C(OC2OC3=C4C=C5C=C3OC6=C(C=C(C=C6)C(C(C(=O)NC(C(=O)NC5C(=O)NC7C8=CC(=C(C=C8)O)C9=C(C(=C(C=C9C(NC(=O)C(C(C1=CC(=C(O4)C=C1)Cl)O)NC7=O)C(=O)O)O)CNCP(=O)(O)O)O)CC(=O)N)NC(=O)C(CC(C)C)NC)O)Cl)CO)O)O)C
Telithromycin,CCC1C2(C(C(C(=O)C(CC(C(C(C(=O)C(C(=O)O1)C)C)OC3C(C(CC(O3)C)N(C)C)O)(C)OC)C)C)N(C(=O)O2)CCCCN4C=C(N=C4)C5=CN=CC=C5)C
Temoporfin,C1CC2=NC1=C(C3=CC=C(N3)C(=C4C=CC(=N4)C(=C5C=CC(=C2C6=CC(=CC=C6)O)N5)C7=CC(=CC=C7)O)C8=CC(=CC=C8)O)C9=CC(=CC=C9)O
Temozolomide,CN1C(=O)N2C=NC(=C2N=N1)C(=O)N
Temsirolimus,CC1CCC2CC(C(=CC=CC=CC(CC(C(=O)C(C(C(=CC(C(=O)CC(OC(=O)C3CCCCN3C(=O)C(=O)C1(O2)O)C(C)CC4CCC(C(C4)OC)OC(=O)C(C)(CO)CO)C)C)O)OC)C)C)C)OC
Teniposide,COC1=CC(=CC(=C1O)OC)C2C3C(COC3=O)C(C4=CC5=C(C=C24)OCO5)OC6C(C(C7C(O6)COC(O7)C8=CC=CS8)O)O
Tenoxicam,CN1C(=C(C2=C(S1(=O)=O)C=CS2)O)C(=O)NC3=CC=CC=N3
Teriflunomide,CC(=C(C#N)C(=O)NC1=CC=C(C=C1)C(F)(F)F)O
Testolactone,CC12CCC3C(C1CCC(=O)O2)CCC4=CC(=O)C=CC34C
Tetrabenazine,CC(C)CC1CN2CCC3=CC(=C(C=C3C2CC1=O)OC)OC
Thalidomide,C1CC(=O)NC(=O)C1N2C(=O)C3=CC=CC=C3C2=O
Theophylline,CN1C2=C(C(=O)N(C1=O)C)NC=N2
Thioridazine,CN1CCCCC1CCN2C3=CC=CC=C3SC4=C2C=C(C=C4)SC
Thiotepa,C1CN1P(=S)(N2CC2)N3CC3
Tiaprofenic acid,CC(C1=CC=C(S1)C(=O)C2=CC=CC=C2)C(=O)O
Tibolone,CC1CC2=C(CCC(=O)C2)C3C1C4CCC(C4(CC3)C)(C#C)O
Timolol,CC(C)(C)NCC(COC1=NSN=C1N2CCOCC2)O
Tioguanine,C1=NC2=C(N1)C(=S)N=C(N2)N
Titanium dioxide,O=[Ti]=O
Tixocortol,CC12CCC(=O)C=C1CCC3C2C(CC4(C3CCC4(C(=O)CS)O)C)O
Tizanidine,C1CN=C(N1)NC2=C(C=CC3=NSN=C32)Cl
Tobramycin,C1C(C(C(C(C1N)OC2C(C(C(C(O2)CO)O)N)O)O)OC3C(CC(C(O3)CN)O)N)N
Tofacitinib,CC1CCN(CC1N(C)C2=NC=NC3=C2C=CN3)C(=O)CC#N
Tolazamide,CC1=CC=C(C=C1)S(=O)(=O)NC(=O)NN2CCCCCC2
Tolbutamide,CCCCNC(=O)NS(=O)(=O)C1=CC=C(C=C1)C
Tolfenamic acid,CC1=C(C=CC=C1Cl)NC2=CC=CC=C2C(=O)O
Tolmetin,CC1=CC=C(C=C1)C(=O)C2=CC=C(N2C)CC(=O)O
Tolvaptan,CC1=CC=CC=C1C(=O)NC2=CC(=C(C=C2)C(=O)N3CCCC(C4=C3C=CC(=C4)Cl)O)C
Topotecan,CCC1(C2=C(COC1=O)C(=O)N3CC4=CC5=C(C=CC(=C5CN(C)C)O)N=C4C3=C2)O
Torasemide,CC1=CC(=CC=C1)NC2=C(C=NC=C2)S(=O)(=O)NC(=O)NC(C)C
Toremifene,CN(C)CCOC1=CC=C(C=C1)C(=C(CCCl)C2=CC=CC=C2)C3=CC=CC=C3
Trabectedin,CC1=CC2=C(C3C4C5C6=C(C(=C7C(=C6C(N4C(C(C2)N3C)O)COC(=O)C8(CS5)C9=CC(=C(C=C9CCN8)O)OC)OCO7)C)OC(=O)C)C(=C1OC)O
Trametinib,CC1=C2C(=C(N(C1=O)C)NC3=C(C=C(C=C3)I)F)C(=O)N(C(=O)N2C4=CC=CC(=C4)NC(=O)C)C5CC5
Tranilast,COC1=C(C=C(C=C1)C=CC(=O)NC2=CC=CC=C2C(=O)O)OC
Tretinoin,CC1=C(C(CCC1)(C)C)C=CC(=CC=CC(=CC(=O)O)C)C
Triamcinolone,CC12CC(C3(C(C1CC(C2(C(=O)CO)O)O)CCC4=CC(=O)C=CC43C)F)O
Triamterene,C1=CC=C(C=C1)C2=NC3=C(N=C(N=C3N=C2N)N)N
Trichlormethiazide,C1=C2C(=CC(=C1Cl)S(=O)(=O)N)S(=O)(=O)NC(N2)C(Cl)Cl
Trifluridine,C1C(C(OC1N2C=C(C(=O)NC2=O)C(F)(F)F)CO)O
Trilostane,CC12CCC3C(C1CCC2O)CCC45C3(CC(=C(C4O5)O)C#N)C
Trimetrexate,CC1=C(C=CC2=C1C(=NC(=N2)N)N)CNC3=CC(=C(C(=C3)OC)OC)OC
Trioxsalen,CC1=CC(=O)OC2=C1C=C3C=C(OC3=C2C)C
Triptorelin,CC(C)CC(C(=O)NC(CCCN=C(N)N)C(=O)N1CCCC1C(=O)NCC(=O)N)NC(=O)C(CC2=CNC3=CC=CC=C32)NC(=O)C(CC4=CC=C(C=C4)O)NC(=O)C(CO)NC(=O)C(CC5=CNC6=CC=CC=C65)NC(=O)C(CC7=CN=CN7)NC(=O)C8CCC(=O)N8
Trovafloxacin,C1C2C(C2N)CN1C3=C(C=C4C(=O)C(=CN(C4=N3)C5=C(C=C(C=C5)F)F)C(=O)O)F
Ubidecarenone,CC1=C(C(=O)C(=C(C1=O)OC)OC)CC=C(C)CCC=C(C)CCC=C(C)CCC=C(C)CCC=C(C)CCC=C(C)CCC=C(C)CCC=C(C)CCC=C(C)CCC=C(C)C
Ulobetasol,CC1CC2C3CC(C4=CC(=O)C=CC4(C3(C(CC2(C1(C(=O)CCl)O)C)O)F)C)F
Uracil mustard,C1=C(C(=O)NC(=O)N1)N(CCCl)CCCl
Valrubicin,CCCCC(=O)OCC(=O)C1(CC(C2=C(C1)C(=C3C(=C2O)C(=O)C4=C(C3=O)C=CC=C4OC)O)OC5CC(C(C(O5)C)O)NC(=O)C(F)(F)F)O
Vandetanib,CN1CCC(CC1)COC2=C(C=C3C(=C2)N=CN=C3NC4=C(C=C(C=C4)Br)F)OC
Vapreotide,CC(C)C1C(=O)NC(CSSCC(C(=O)NC(C(=O)NC(C(=O)NC(C(=O)N1)CCCCN)CC2=CNC3=CC=CC=C32)CC4=CC=C(C=C4)O)NC(=O)C(CC5=CC=CC=C5)N)C(=O)NC(CC6=CNC7=CC=CC=C76)C(=O)N
Varenicline,C1C2CNCC1C3=CC4=NC=CN=C4C=C23
Vemurafenib,CCCS(=O)(=O)NC1=C(C(=C(C=C1)F)C(=O)C2=CNC3=C2C=C(C=N3)C4=CC=C(C=C4)Cl)F
Venetoclax,CC1(CCC(=C(C1)C2=CC=C(C=C2)Cl)CN3CCN(CC3)C4=CC(=C(C=C4)C(=O)NS(=O)(=O)C5=CC(=C(C=C5)NCC6CCOCC6)[N+](=O)[O-])OC7=CN=C8C(=C7)C=CN8)C
Verapamil,CC(C)C(CCCN(C)CCC1=CC(=C(C=C1)OC)OC)(C#N)C2=CC(=C(C=C2)OC)OC
Verteporfin,
Vinblastine,CCC1(CC2CC(C3=C(CCN(C2)C1)C4=CC=CC=C4N3)(C5=C(C=C6C(=C5)C78CCN9C7C(C=CC9)(C(C(C8N6C)(C(=O)OC)O)OC(=O)C)CC)OC)C(=O)OC)O
Vincristine,CCC1(CC2CC(C3=C(CCN(C2)C1)C4=CC=CC=C4N3)(C5=C(C=C6C(=C5)C78CCN9C7C(C=CC9)(C(C(C8N6C=O)(C(=O)OC)O)OC(=O)C)CC)OC)C(=O)OC)O
Vindesine,CCC1(CC2CC(C3=C(CCN(C2)C1)C4=CC=CC=C4N3)(C5=C(C=C6C(=C5)C78CCN9C7C(C=CC9)(C(C(C8N6C)(C(=O)N)O)O)CC)OC)C(=O)OC)O
Vinflunine,CCC12C=CCN3C1C4(CC3)C(C(C2OC(=O)C)(C(=O)OC)O)N(C5=CC(=C(C=C45)C6(CC7CC(CN(C7)CC8=C6NC9=CC=CC=C89)C(C)(F)F)C(=O)OC)OC)C
Vinorelbine,CCC1=CC2CC(C3=C(CN(C2)C1)C4=CC=CC=C4N3)(C5=C(C=C6C(=C5)C78CCN9C7C(C=CC9)(C(C(C8N6C)(C(=O)OC)O)OC(=O)C)CC)OC)C(=O)OC
Vismodegib,CS(=O)(=O)C1=CC(=C(C=C1)C(=O)NC2=CC(=C(C=C2)Cl)C3=CC=CC=N3)Cl
Vitamin A,CC1=C(C(CCC1)(C)C)C=CC(=CC=CC(=CCO)C)C
Vorinostat,C1=CC=C(C=C1)NC(=O)CCCCCCC(=O)NO
Warfarin,CC(=O)CC(C1=CC=CC=C1)C2=C(C3=CC=CC=C3OC2=O)O
Zaltoprofen,CC(C1=CC2=C(C=C1)SC3=CC=CC=C3C(=O)C2)C(=O)O
Zileuton,CC(C1=CC2=CC=CC=C2S1)N(C(=O)N)O
Ziprasidone,C1CN(CCN1CCC2=C(C=C3C(=C2)CC(=O)N3)Cl)C4=NSC5=CC=CC=C54
Zuclopenthixol,C1CN(CCN1CCC=C2C3=CC=CC=C3SC4=C2C=C(C=C4)Cl)CCO
